distance_band,total_popu,vulnerable,geometry,population_pct,vulnerable_pct
0-5 km,2806800,221737.2,28068,60.221421215242025,60.221421215241996
5-10 km,1246300,98457.70000000001,12463,26.740044627531756,26.740044627531752
10-15 km,314700,24861.300000000003,3147,6.75205973223481,6.752059732234808
15-20 km,78500,6201.5,785,1.6842602128389976,1.684260212838997
20+ km,214500,16945.5,2145,4.60221421215242,4.602214212152419
